CI,Password
zt-ansiblebu.ansible-network-automation-basics-lab-2.prod,facts1
zt-ansiblebu.ansible-network-automation-basics-lab-4.prod,surveys1
zt-ansiblebu.ansible-network-automation-basics-lab-1.prod,playbook1
zt-ansiblebu.zt-ans-bu-network-lab-1.prod,restore1
zt-ansiblebu.zt-ans-bu-network-lab-2.prod,network1
zt-ansiblebu.ansible-network-automation-basics-lab-3.prod,resource1
zt-ansiblebu.zt-ans-bu-eda-netbox.prod,netbox1
zt-ansiblebu.zt-ans-bu-dev-tools.prod,tools2
zt-ansiblebu.zt-ans-bu-vscode.prod,vscode1
zt-ansiblebu.zt-ans-bu-servicenow.prod,snow1
agd-v2.aap-multiinstance-workshop.event,aap1
published.ai-driven-aap.prod,splunk1
